	Uniprot
0	Q15022
1	Q6AI14
2	Q92830
3	P52429
4	Q9Y2U8
5	Q9NYY8
8	Q96N64
11	Q8N573
17	Q8NI08
21	Q8TEQ0
22	Q86XL3
23	Q9H2F5
26	Q8WUB8
28	Q15650
29	Q7L8L6
30	Q7L590
32	O14524
34	P27144
37	P49916
38	Q13435
39	Q8N3A8
42	Q9Y6F6
48	Q14596
51	Q9NQC8
53	Q96RE7
54	O94967
57	Q96LW4
60	Q8WYQ5
62	Q96G28
64	Q9UIJ7
68	Q53H12
70	Q5VVJ2
71	Q6ZUJ8
73	Q86XZ4
76	Q96N46
79	O00472
80	Q8WY36
84	Q8NEM7
89	Q9BWU0
90	Q8NAN2
91	Q8IZD4
92	P12757
96	Q16186
98	P78347
103	Q9H1I8
106	Q05516
108	Q8HWS3
109	Q9Y2I9
111	Q9UGU5
112	Q96DT7
115	Q6VN20
117	Q96CK0
118	Q14CZ7
119	Q92541
120	Q9UMS5
123	Q9H706
125	Q9NVU0
129	Q5JTW2
133	Q9H3P2
134	Q8TF30
135	Q8IWE2
137	P49848
140	P51816
141	Q92738
143	O15169
145	P54886
147	Q8TAT6
149	Q4G0N4
152	Q9H3P7
153	Q9Y3C0
154	Q96QT6
156	Q5PRF9
158	Q8N3S3
165	Q9UBL3
168	O95905
171	Q96JA3
174	Q12834
175	Q52LR7
176	Q13111
177	Q96QF0
183	Q8N9N5
189	Q33E94
192	Q5T8D3
196	Q8IYH5
198	A8K0Z3
199	Q9BRS8
201	Q9H1K0
203	O94972
206	Q9H329
208	O15234
209	P48426
211	Q9H8Y5
213	Q8N228
215	Q6NUQ4
217	Q6NSI8
221	Q8N0X2
223	Q9UBW5
226	Q9Y2X0
227	Q9BZQ8
228	Q59EK9
231	Q9UER7
234	Q9ULX6
236	Q8TDR0
238	Q13033
240	Q96T83
241	Q16891
244	Q9UPY6
246	Q14457
248	Q96SK2
251	Q15545
252	O75121
254	Q96F86
258	Q8N163
259	Q96TC7
260	Q9Y483
264	P35612
269	O94880
270	P35659
273	Q6PCB5
274	Q96KC8
275	P32780
277	Q13769
281	O95149
282	Q5VWQ0
283	Q99633
284	Q5TD94
286	Q9P2N6
288	Q6ZT98
289	Q8WVT3
291	Q9NPI6
293	O75143
299	Q1KMD3
300	Q9NQS7
302	P22681
303	Q92622
305	P55199
306	Q99442
307	Q8NBS3
310	O75665
311	Q9H6Z4
314	Q86YF9
316	P43243
319	Q9UHI6
320	Q9NZ52
324	Q8NFW9
329	Q49MI3
334	Q6IMN6
336	Q9BUN5
338	Q9UHL9
341	Q14149
342	Q9H6L5
344	Q12912
347	Q8N9B5
348	Q7Z3E5
349	O75381
350	Q96C92
353	Q9NX95
366	Q9H6B4
367	Q96S66
375	O94888
376	O75553
378	Q5SNT2
380	P50616
382	Q96E22
383	P35269
384	Q9Y5B6
386	Q8NDH6
390	Q7L3B6
391	Q01831
392	Q5TKA1
394	Q14151
395	P08240
397	O75626
400	Q96EK2
403	Q86X24
405	Q9H4Z3
406	Q96BF6
407	O76024
409	Q9NP73
413	Q9UKV3
416	Q9P202
418	O95684
420	Q8TE76
422	O15060
423	Q68DK7
425	Q15003
427	Q53H80
428	Q86XK7
430	Q5XX13
431	Q15042
434	Q6ZWE6
435	Q96ME7
439	Q9H204
440	Q01415
442	Q6ZW76
444	P55010
446	Q5VWG9
447	O43310
449	P12755
450	Q9NUQ6
458	Q8N0X7
462	Q9H467
463	Q9NRL3
465	O43167
466	Q9HAP2
468	O94901
473	Q7Z699
474	Q16854
476	Q9H0K4
477	Q6NZY4
479	P16383
481	Q96PV6
482	Q99689
484	Q9NRA8
487	Q7Z698
489	Q5T447
490	Q92543
492	Q96HH9
497	O95810
498	O15265
503	Q9UHY8
505	Q9Y3X0
506	Q9UPU7
508	Q9NRY5
511	Q96FG2
516	Q9HCC9
522	O75575
526	Q53T59
527	O75061
530	Q5VUB5
531	Q9Y5Q8
533	Q9NQX0
534	Q49A26
537	Q6IE81
544	Q13469
550	O43823
551	Q9UBI9
552	Q6P995
553	Q14444
555	O95202
556	Q86UZ6
558	Q15906
560	Q9Y561
562	Q8NC56
564	Q6X4W1
569	Q92636
571	Q8IWZ8
572	Q8TDZ2
573	O60347
574	Q9UH99
577	Q86VD1
578	P54819
580	Q15424
584	Q8NC44
585	Q9BV36
589	Q6ZRF8
590	Q96LU7
591	Q8NDB2
594	Q6L9W6
595	Q9UKN5
596	P18887
597	Q6PCB8
599	Q8N128
602	Q9P2B4
603	Q13191
605	Q92558
609	Q8NEZ2
611	Q13501
613	Q9Y6X9
614	Q9Y4L1
615	Q13506
617	Q96FV9
618	Q05084
623	Q9ULK2
626	Q9UQF2
627	Q5VSY0
629	Q9NWW7
631	Q9UJU6
636	Q9NQ34
639	Q9BXP5
643	Q2M3C6
644	Q2TAL8
647	O94818
651	Q9C0D7
653	Q9BQK8
655	O43395
656	Q9Y426
658	Q86T82
662	P20290
664	Q5T7N3
666	Q5F1R6
669	Q9HC78
678	Q96EN8
679	Q99549
680	Q92539
682	Q9UPU9
684	Q9UHR5
686	Q9P2Y5
688	P29590
697	Q9BZV1
699	Q8N5U6
701	Q8WWL2
702	Q9ULV3
707	Q6P1J9
708	Q9NX58
710	P46087
715	O75781
717	Q9Y222
720	P42167
722	Q9BYH8
724	P0C7U0
725	Q9NP74
726	Q9NZC9
728	Q9Y6W5
730	Q15061
731	Q9P287
734	Q6PD74
737	Q2YD98
743	O00567
744	Q9NZS9
745	Q7Z569
746	Q9Y2E6
748	Q5SZL2
751	A6NFY4
752	Q96JB5
754	Q9UBK2
756	Q9UN79
757	Q96KM6
758	Q3YBR2
759	P42568
761	Q6UN15
764	Q9BQI7
765	O15079
767	Q9NQV5
769	O95628
775	Q96MS3
777	Q6ZN54
785	Q9H307
786	P42898
788	Q96T21
791	Q14241
792	Q96MK2
793	Q8WYP3
795	Q9NWK9
797	Q8IYV9
798	Q8TB24
799	C9JE40
800	Q8TCT9
803	Q13263
804	Q9UJY4
805	Q86XR8
808	Q6ISB3
810	Q9UJX5
812	Q9C0E8
815	Q96SF7
817	Q8IYB4
825	Q92966
827	Q8TBZ6
830	Q6ZSB9
831	Q5H9R7
837	Q4ZJI4
839	Q7Z5B4
843	Q8N4S9
845	Q96S59
846	Q8N187
850	Q969Z0
853	Q5TC79
857	Q5JTV8
859	Q86VR2
860	B3KU38
862	Q8IXM2
865	Q9NVH0
870	Q15631
872	Q66K64
873	Q96IQ7
875	Q96C90
876	Q96EP0
877	Q8IY22
880	Q96MY1
881	Q8NEY8
887	Q8NA72
890	Q6ZSS7
892	Q5T4F4
899	Q86UP8
901	Q9NV66
902	Q9C086
903	Q155Q3
906	Q17RB8
907	Q8IYI6
908	Q9BVN2
913	Q92667
918	Q14765
920	Q9GZV8
921	Q1L5Z9
923	Q86UW9
927	Q9H074
930	Q5T124
935	Q5R3K3
937	Q92968
938	Q8TCN5
940	Q96JB3
942	Q96QC0
943	Q8NBP0
945	Q9UKA2
947	P41236
948	Q8ND24
951	P98082
953	Q2NL82
954	Q96CB8
957	Q9ULD6
959	P23025
960	Q86VQ0
962	Q9H0W8
964	A7XYQ1
965	Q99728
967	Q969G3
968	Q75VX8
970	Q9Y6H5
971	Q8N8Z6
973	Q8N5Y2
978	Q15554
979	Q494V2
980	O15327
982	Q92613
984	Q6GQQ9
985	O60308
986	O94842
987	Q5T6C5
988	P30260
990	Q86US8
992	Q2TAP0
993	O00746
997	O43513
999	Q86YI8
1000	Q6ZNE5
1001	Q92733
1002	Q9HD26
1004	Q96MW1
1006	P42166
1007	Q8NHH1
1009	P78318
1011	Q8TE85
1015	Q2M243
1016	Q96G74
1020	A6NNW6
1021	P82673
1023	Q6P5Q4
1024	P49619
1027	Q8NDZ2
1031	Q9HAC8
1032	Q9UL03
1035	Q9H3S4
1036	Q5R3F8
1037	O15391
1038	Q8NE31
1042	Q92615
1043	Q96NL0
1046	Q9UHK0
1047	Q9NVF7
1049	Q14684
1050	Q9Y6Y8
1051	O75113
1052	Q9NZI5
1055	Q5SW96
1056	P53814
1059	Q96MU7
1061	Q9Y2W2
1062	Q9NUJ1
1064	O76021
1065	Q14699
1066	Q9Y2X9
1069	Q2KHM9
1071	Q8NAP8
1072	Q12797
1083	O95544
1086	O43189
1088	Q13144
1089	Q63ZY3
1091	Q14693
1097	Q8WWN9
1100	Q8N3C0
1102	O15156
1105	Q92889
1106	Q86UT8
1107	A1A4V9
1109	Q92786
1111	Q9Y692
1114	Q13137
1119	O95365
1121	Q8N5M1
1122	Q99733
1125	Q15025
1134	Q9Y3T9
1135	Q3MII6
1136	Q86T24
1138	Q96A33
1140	Q9H8E8
1145	Q562E7
1148	Q9H5V7
1150	Q9UPN7
1151	Q8N5C8
1153	Q8WWA1
1157	Q9Y312
1161	Q8NCE0
1168	Q8TCT8
1169	Q9UGP8
1170	Q8N8V4
1171	O60296
1172	Q9H4I2
1176	Q8TC59
1179	Q92994
1186	Q96EX2
1189	Q9Y6H6
1190	O75541
1192	Q9BYN7
1194	Q96FJ0
1196	Q9NYJ8
1199	Q96HY6
1200	Q6PJT7
1206	O75112
1213	Q96RS0
1214	Q8NFU5
1215	O15062
1216	Q8TBP0
1220	Q8ND82
1221	Q6TDU7
1225	Q96LT9
1226	Q96GE4
1227	Q8TF61
1228	Q9NUJ3
1231	O00287
1232	Q92754
1233	P49757
1238	Q75T13
1239	Q13416
1240	Q9Y3I1
1243	Q7Z3C6
1245	Q9NX78
1246	Q96NI6
1247	P09496
1252	Q8TDW4
1257	Q6MZQ0
1260	Q5JTD0
1267	P0DPA2
1268	A1YPR0
1271	Q5HYM0
1272	Q9H869
1281	Q96IZ0
1282	Q9BYX2
1285	Q7Z6G8
1294	Q9H8N7
1295	O14893
1298	Q8WYL5
1300	Q12906
1305	Q96AE7
1306	Q9BXS4
1307	P46379
1308	O94763
1310	Q9NZJ0
1311	Q8N841
1313	Q8NEJ9
1315	Q7Z3F1
1318	Q8IVD9
1319	Q02040
1320	Q92481
1321	O75410
1325	P53990
1331	Q9H5U6
1332	Q6PI26
1333	Q8N895
1334	Q5H9L4
1336	Q8N806
1337	Q6NUJ5
1339	Q8IW35
1340	Q8TE49
1342	Q7Z6R9
1343	Q4G0J3
1347	Q9H9L4
1348	Q8NCP5
1350	Q8IZQ8
1352	Q9NQC7
1357	Q92925
1359	Q9H788
1362	Q9NRU3
1363	Q4G0A6
1364	Q9NVZ3
1367	P55327
1373	O95983
1375	Q9Y6X8
1376	Q7Z2W4
1378	P32189
1382	O60583
1384	Q8IXK0
1386	Q9Y5P4
1392	Q96DF8
1393	Q9ULG6
1397	Q5VTH9
1399	Q96BT7
1401	Q9UNL4
1407	Q9UQR0
1408	Q9UHD8
1419	Q8NHQ1
1424	Q6ZMV9
1426	Q9H0X9
1429	Q8IZ69
1432	Q8N392
1433	P21580
1435	Q9UKX7
1438	O43909
1439	Q9NWB7
1440	Q92750
1441	P53367
1445	Q9NXG2
1448	Q53R41
1450	Q6ZWB6
1451	P52739
1455	Q9UEE9
1456	Q5VTB9
1458	Q6UWJ1
1461	Q9C0B9
1462	Q9H694
1463	Q14D04
1469	O94874
1470	Q9BSQ5
1474	P78316
1477	Q96QD5
1479	Q86X29
1484	Q9HCI7
1486	Q9UEY8
1489	Q8NI77
1490	Q9BW85
1491	Q9NV70
1494	Q8WUA4
1495	Q6NZI2
1496	Q9BQ70
1497	Q8N9M1
1498	Q9P1Z2
1501	Q9P2M4
1504	Q96RN1
1507	Q3V5L5
1510	Q9NY61
1511	Q16643
1514	Q9BQD3
1519	Q53GL0
1520	Q9P0U4
1522	O60826
1523	Q01954
1524	Q9UJQ4
1525	P42768
1526	Q8NBR6
1528	Q9BRR8
1529	Q9Y2D8
1533	O00712
1536	Q9NWM3
1538	Q5T4T6
1539	Q6ZNA4
1542	O75152
1547	Q9Y6Q2
1549	P19878
1553	Q53GS7
1555	Q5VZE5
1556	Q9UPR6
1558	Q9H3C7
1559	Q08J23
1561	Q8TAA9
1564	Q969E8
1565	Q5M775
1570	Q96CP6
1573	P57060
1574	Q9NV92
1575	Q8NHY0
1578	Q9BT43
1579	Q92783
1580	P09497
1582	Q8TAE6
1583	Q9UBT6
1584	Q8NA54
1586	Q13474
1588	Q4ZG55
1591	Q9NXE4
1593	Q7Z3D4
1595	Q9Y5Q9
1597	Q96NE9
1601	O15033
1602	Q96PD2
1603	A0MZ66
1608	Q56P03
1609	Q9ULJ3
1610	Q8N3R9
1614	Q8TBY9
1615	Q7LBE3
1617	Q5T7V8
1619	Q1MSJ5
1620	Q8WXE1
1623	Q00839
1625	Q9NYF5
1628	Q8WWU5
1634	Q96M69
1635	O43918
1636	Q8IZC4
1638	Q9NQ86
1642	Q7Z5G4
1646	Q9BYZ2
1647	Q9NZ71
1648	Q9UK41
1650	Q9P1Q0
1653	A4D126
1655	Q6PIW4
1661	O95935
1662	P13994
1664	Q71H61
1665	Q9Y5W7
1669	Q2TAL5
1671	Q8IZ07
1672	Q8IYS0
1674	Q9UHH9
1679	P23743
1682	Q70JA7
1683	Q9NZ09
1685	Q8NDT2
1686	Q8IY81
1687	Q15648
1688	Q9NQ55
1689	Q14919
1690	Q9NP50
1692	Q15054
1694	Q969H4
1696	Q92529
1697	O60890
1698	Q75QN2
1699	Q15361
1700	Q9ULH4
1701	P57075
1704	Q495M9
1705	Q9HBM0
1706	Q9UBP0
1708	Q13586
1710	Q9GZM5
1711	Q9BSL1
1712	Q9Y3B9
1713	Q99598
1714	Q8N0Z6
1715	Q8NDX5
1717	Q9NXV6
1718	Q15256
1722	Q99933
1724	Q5BKZ1
1726	P42331
1730	Q504T8
1732	P52630
1734	Q86T90
1736	Q16650
1737	Q496Y0
1739	Q8IZ40
1740	Q16798
1742	Q9UK97
1745	Q96NA8
1746	Q5SSJ5
1749	Q14181
1750	Q9NQC1
1751	Q9NY27
1752	Q8N1G2
1753	Q8WUM9
1754	Q5C9Z4
1755	Q96A00
1757	Q86WK6
1759	Q6PCD5
1761	P54253
1763	Q86YJ7
1764	Q9H0A0
1765	Q7L4P6
1766	Q9HCD5
1767	Q8IYY4
1769	Q9UIU6
1770	Q9UJX4
1772	Q9HAF1
1775	Q68CL5
1780	Q9P0K8
1781	Q14696
1782	Q9NWT1
1783	Q8IZ81
1784	O95936
1787	Q9Y2L9
1790	Q9BRP8
1792	Q8IVW6
1794	Q4KMG9
1796	Q96B23
1798	O43182
1801	Q8WY54
1802	Q6P6C2
1803	Q15311
1804	Q9NW82
1805	Q96GN5
1808	Q9NTW7
1813	O00566
1814	O15350
1822	Q8N7B1
1824	Q9NSC5
1829	Q6QNY1
1832	Q8IXF0
1836	Q6IBW4
1839	Q2VYF4
1843	Q7L1Q6
1846	Q8IU99
1847	P04198
1848	Q8IUH8
1849	Q7Z6J9
1850	Q008S8
1852	Q15007
1856	P09132
1859	Q96JP5
1860	Q92784
1863	O00213
1871	Q6L8Q7
1872	Q8N594
1874	A1L4K1
1876	Q6UX71
1878	Q3SXY7
1879	O60238
1881	P61289
1884	Q9UHD1
1886	Q9BYV6
1890	P78545
1892	Q96D46
1894	Q9UKG1
1895	Q03111
1896	Q96DB5
1899	O00716
1901	Q9UI10
1904	Q9Y4B5
1905	Q8IWT1
1907	Q9HCM4
1912	Q9NYF0
1914	P29692
1921	Q9H9F9
1922	Q96LZ7
1925	Q96I13
1926	Q6P9G4
1927	Q7L804
1929	Q7Z5L9
1931	Q9UJW0
1934	Q8IUW5
1936	P78314
1940	Q502W7
1941	O94876
1942	Q14137
1943	Q5U5R9
1945	Q15562
1951	Q14CW9
1953	Q8NEL9
1956	O60216
1957	Q6DJT9
1960	Q15849
1962	Q15326
1970	Q9UPW0
1974	Q9HB20
1975	Q9BRP0
1976	Q9BZF1
1980	O60232
1981	Q9P0T7
1985	Q92932
1987	Q6ZMZ0
1990	Q2TAA5
1991	Q8TDN4
1994	Q02338
1997	Q14106
1998	O94992
1999	Q15742
2001	Q8IU81
2002	O75521
2003	Q92609
2006	Q8IWV8
2007	Q6NUM6
2008	Q9BTA9
2012	Q9BZQ6
2014	Q8NEU8
2017	Q9Y4C2
2019	Q9HBE1
2023	Q13610
2024	Q08357
2027	O14879
2029	Q96JN0
2032	Q14140
2033	Q8NE86
2036	Q8NFF2
2040	Q9Y6F7
2042	Q9Y548
2043	Q96HR8
2045	O96005
2048	Q8N684
2052	Q14849
2055	Q5TGY1
2056	Q9UPX6
2057	Q8NFQ8
2059	Q13368
2060	Q6ZTZ1
2061	Q8N8G2
2063	Q9H7E2
2068	Q5VVW2
2069	Q8WZA1
2071	Q8NBF6
2072	Q8NEW7
2073	Q86W50
2074	Q68DU8
2076	Q9BYE7
2078	Q9UQ53
2080	P18615
2082	Q9NP80
2087	O60353
2090	Q16543
2091	Q9UQ84
2094	Q9HA72
2096	Q86UV5
2098	Q9UKT9
2113	Q8NEY4
2115	Q86T96
2117	Q96IW7
2118	Q7Z2D5
2120	A2A3K4
2122	Q68CQ4
2123	Q9BZB8
2128	Q5T9C2
2130	Q9H0E9
2132	Q96G97
2136	Q9HBK9
2137	Q9Y330
2138	Q13309
2140	Q99504
2144	Q6SJ96
2145	Q9UL45
2146	Q9Y2H0
2149	Q7Z3D6
2158	Q76G19
2160	Q9NRM2
2161	Q96GD3
2168	Q8TF42
2169	Q9H9H4
2170	Q15283
2171	P21359
2172	Q15014
2176	Q8TC76
2177	P0C7T5
2178	O95400
2180	Q9NVE7
2181	O14994
2182	Q9NT62
2184	Q9UNX4
2185	O75563
2186	Q86X53
2187	P50542
2193	Q9NPJ6
2195	Q96T37
2197	Q92785
2198	Q96PU4
2199	Q9H0D6
2200	Q68DC2
2201	Q13112
2202	Q8N336
2204	Q86SU0
2207	Q9UIS9
2222	Q13422
2229	O43815
2231	P54274
2233	O00541
2235	Q8N878
2237	Q6PML9
2238	Q13438
2246	Q6PCT2
2247	Q8TE68
2249	Q9H7L9
2250	Q9ULP9
2253	Q96PE3
2257	P29536
2258	A0FGR9
2259	Q86VY9
2263	A1A4S6
2264	Q8IVB4
2265	Q9Y6N9
2268	O94776
2270	Q01826
2273	Q96RF0
2276	Q86VX2
2278	O60237
2283	Q15398
2285	O94933
2287	Q5TAP6
2288	Q32P44
2290	Q5T8I3
2291	P53999
2293	Q9ULR0
2295	Q8NFM7
2298	O75208
2299	Q86Y37
2300	Q70EK9
2301	Q9UJ78
2304	Q9NRR6
2305	Q96RR1
2307	P51116
2308	O43148
2311	Q08495
2320	Q8NC06
2326	Q92560
2327	P49756
2329	O75916
2331	Q92581
2336	Q15561
2339	Q06481
2344	Q12857
2348	O75925
2350	Q13330
2352	Q9HCH5
2360	Q7Z4V5
2362	O75886
2363	Q6T4P5
2365	P49917
2368	P34932
2369	Q9NWM0
2374	Q5T6S3
2376	Q9BSJ2
2379	Q01968
2381	Q8IY95
2382	Q96AV8
2383	O60268
2387	Q9BQQ7
2388	Q8N6G5
2389	Q70YC5
2391	Q9BZI7
2393	Q9BVJ6
2395	Q8N3F8
2396	Q9Y2Z0
2398	Q5T8P6
2400	Q8TDF5
2403	O94988
2407	Q7L1W4
2409	Q92503
2415	Q8WXH0
2416	Q8TEV9
2417	P10911
2422	O14967
2424	Q9H8Y8
2425	Q8TE77
2427	Q68D10
2428	Q6S5L8
2429	Q6UXY1
2430	Q96MT3
2436	P40855
2437	Q8N680
2438	Q8IYF3
2441	O43399
2448	Q13118
2450	Q9BWQ6
2452	P78543
2453	Q05329
2455	Q13596
2458	A6NK89
2459	Q9H967
2460	Q9H2L5
2461	P51659
2464	Q9BUR4
2468	Q9UBB9
2472	Q8NEP3
2473	Q8WWH4
2474	Q15723
2479	O75952
2486	O00409
2488	Q9NVP4
2489	A0AVK6
2492	Q9H714
2498	Q15544
2500	Q9C0C4
2501	Q71RC2
2507	Q02556
2508	Q8IZ21
2510	Q6PII3
2511	Q9H089
2512	Q9BVA0
2513	O14828
2515	Q9NWR8
2516	Q99708
2519	Q9HD15
2520	Q9BWT1
2522	Q86WG3
2523	Q8NAT2
2525	P58304
2526	Q7Z4Q2
2527	Q8WW12
2528	Q659C4
2530	Q9NTX7
2533	O94762
2536	Q8NEF3
2538	Q658N2
2541	Q9Y5K3
2544	Q8NE18
2546	A8MXK1
2547	Q8NHV4
2552	Q99593
2555	Q6WKZ4
2556	Q9H9Q4
2558	Q8IXR5
2560	Q2TBE0
2561	O43290
2562	Q8WWW0
2565	Q3SYG4
2569	Q9Y3T6
2571	Q16799
2573	O14641
2574	Q8WZ19
2575	Q9HBY0
2576	Q86VH4
2579	Q68G75
2583	Q02410
2584	Q96DR7
2587	Q9ULK6
2589	Q9Y5J1
2590	Q9BQL6
2591	Q8N371
2593	Q8WU20
2595	Q99543
2597	Q9Y4J8
2612	Q8N108
2621	Q8N5Y8
2624	Q5VUG0
2626	Q64LD2
2630	Q92805
2631	Q8TBZ2
2632	Q9NWF9
2634	O14645
2635	Q9P2K3
2639	Q01850
2640	Q92696
2642	O14896
2644	Q9UGR2
2645	Q9NXR8
2647	Q9BZX2
2648	Q13568
2654	Q9UKF7
2655	Q9GZY8
2661	Q7L1T6
2662	O43524
2665	Q9BZR9
2666	O60934
2667	Q9Y4W2
2670	Q9BRD0
2672	Q8N6V9
2674	Q7Z7F0
2675	Q6NWY9
2677	Q8IY33
2678	Q13415
2680	Q96GM5
2682	O75167
2686	P41162
2688	Q499Z3
2692	P16284
2693	Q2TBF2
2696	Q9HC58
2697	Q08050
2700	Q8TEB7
2702	Q8WTW3
2703	Q9H8G2
2705	P53365
2709	P36406
2712	Q9Y6F8
2716	Q7L2J0
2718	O95295
2719	Q8N511
2720	A2A2Y4
2725	Q9P1W3
2726	Q14746
2728	Q8TDW0
2729	Q86XW9
2732	Q9H1B5
2733	Q96PX1
2735	O75674
2738	Q68BL7
2740	Q13325
2741	Q15306
2742	Q9BRQ6
2743	Q0VAK6
2745	Q96A65
2747	Q86WC4
2748	Q8N344
2749	Q9UNI6
2750	P28324
2752	P14317
2753	Q6P9B6
2754	Q8NEA6
2756	Q9NYV6
2757	P20042
2758	Q9Y6R0
2759	Q9H808
2761	Q9UI95
2763	O14986
2766	Q9H6R3
2767	Q9ULE3
2768	Q9UJ70
2769	Q15005
2770	P17735
2771	Q7Z7M9
2772	O95817
2773	Q58WW2
2777	Q9UMR3
2778	Q8TBA6
2779	Q8NFF5
2783	P57768
2786	Q9UJX3
2788	Q96K21
2792	Q8TC44
2794	Q9NSI5
2795	Q5VX52
2796	Q8N3V7
2800	Q14410
2801	Q6ZNC4
2802	Q8N5R6
2805	Q6P3S1
2808	O95757
2809	Q7RTY8
2811	O60381
2813	Q8NE79
2816	Q9P107
2818	Q9H8W5
2820	Q96BJ3
2821	P01106
2822	Q9UIL8
2824	Q8NDF8
2825	Q96RS6
2827	P49796
2833	Q9NPA0
2834	Q92870
2839	Q9Y5B0
2841	Q6ZNE9
2842	Q9H6K1
2844	Q9H116
2845	Q5TB30
2847	Q8NFP4
2849	Q9UKL0
2850	Q6ZN18
2853	Q9UI17
2854	Q6NUQ1
2855	Q9HA47
2859	P19237
2860	Q9H6S3
2863	O76075
2864	Q9Y266
2865	Q9H553
2866	O00295
2867	Q8WYN3
2869	Q8N6K0
2870	Q9UBZ4
2871	Q9NQZ2
2872	Q99741
2873	O43439
2877	O43572
2878	Q9GZR7
2879	Q9BYC5
2883	P58743
2888	Q15542
2889	Q12887
2890	Q86XD8
2891	O43581
2897	Q5GH76
2898	Q3SXY8
2902	P53805
2907	Q86Y01
2908	Q9P2A4
2910	Q8N2R8
2911	O60759
2912	Q6UB35
2914	Q9UKA1
2916	Q86VQ1
2917	Q16594
2919	O95786
2920	Q7Z403
2924	Q12874
2925	Q8TDI7
2926	Q6NSJ5
2928	Q92530
2930	Q8IYD1
2931	Q6P2C0
2933	Q9Y5X1
2934	Q9UBU8
2938	P55265
2943	Q6NXT1
2944	Q969V6
2945	Q9BR61
2946	P85299
2952	Q9GZV1
2954	O75448
2957	P57081
2959	Q9BRJ6
2962	A8MVW0
2963	Q9NQ84
2965	Q9NZA1
2968	P40123
2969	Q14934
2977	O95049
2979	Q5T197
2981	Q8NC42
2982	Q9Y2C4
2984	O43264
2985	Q7Z3H0
2987	P81408
2990	Q13561
2993	Q8IWA4
2995	Q8TE67
2998	O60749
3000	Q5R372
3007	Q7RTV3
3008	Q8TDF6
3015	Q8WTR4
3020	Q8WUF5
3022	Q05086
3032	Q99469
3033	Q6JBY9
3034	Q9Y4X0
3037	Q14511
3040	O60870
3041	Q9H1J1
3043	O15516
3045	Q9ULT0
3047	A6NF34
3048	Q6UVJ0
3049	Q9H8H2
3052	O94923
3053	Q8IWA0
3054	Q9NP66
3056	Q7Z5Y7
3059	Q8IZP9
3063	Q14166
3064	Q96PZ0
3066	O14503
3067	O95600
3070	Q4G0U5
3071	P55082
3074	Q96P26
3076	Q12778
3077	Q9H211
3078	Q92575
3079	Q9BSF8
3081	Q9Y458
3083	Q9BXS6
3089	Q9NS91
3090	Q8NBZ0
3091	O75815
3096	Q9BQ69
3097	Q96MT7
3098	P09913
3099	Q5XG99
3101	Q9NSG2
3103	Q96EF0
3104	Q96CS3
3105	P08651
3111	P98153
3113	Q4VX76
3116	P36551
3117	Q86VK4
3121	Q13901
3124	Q96IK1
3126	O14901
3129	Q86X27
3131	Q96CN9
3132	Q96BD8
3134	Q01201
3135	Q12872
3136	Q92674
3137	Q8TCB7
3140	Q96K80
3141	Q13114
3144	Q8NAA4
3145	Q96MU8
3147	Q9H3N1
3148	Q9H6U6
3154	P35611
3160	Q9UJY5
3164	Q9NV79
3166	Q6PF06
3171	Q9NPC7
3174	Q9H5Y7
3175	Q9BVW5
3176	Q9UN36
3189	O15105
3192	P13984
3193	Q9ULF5
3195	O95630
3198	Q09328
3200	Q01780
3202	Q7Z465
3204	Q9H173
3206	Q8N6K7
3211	Q9ULT6
3213	Q9BXB5
3215	P48788
3218	Q93052
3220	Q9UKA8
3228	Q8NHP6
3229	Q8N5V2
3231	Q12929
3234	Q8IVF1
3236	O43511
3237	Q13823
3238	P51572
3241	Q9BWC9
3245	O75071
3246	Q9BZZ5
3250	Q13061
3253	Q09019
3254	Q9H0A8
3257	Q6FI81
3259	Q9BX79
3268	Q5VV41
3271	Q6ZMY3
3272	Q8TED9
3274	Q8NFH5
3276	O15259
3280	Q9BST9
3283	Q8WZ73
3284	Q86UA6
3289	Q8NI51
3302	Q6ZVT0
3305	Q9Y3E1
3306	Q5PSV4
3307	Q92597
3310	O43159
3311	Q8IYE1
3312	Q8IY63
3314	Q9UHJ3
3315	Q9UNH5
3319	Q86UE6
3321	Q9Y385
3322	Q9NX08
3323	Q8N323
3326	Q8TBN0
3328	B5MCN3
3329	O00764
3330	Q8N8A6
3331	Q6GMV3
3332	Q9H981
3334	Q9BTC0
3336	Q9Y4F9
3339	Q13077
3342	Q9H832
3343	Q14209
3344	Q6VY07
3345	Q8NC96
3346	Q7Z739
3347	Q99592
3349	P49321
3352	Q9Y2W1
3354	P17600
3356	Q9C093
3357	Q8TB45
3359	Q9HAQ2
3361	Q9BY84
3362	Q9P000
3364	Q5VWP3
3367	Q5R3I4
3368	Q9BZ95
3369	P56182
3370	Q70EL2
3372	Q8N159
3373	O75901
3374	O14526
3377	P51687
3380	Q5U651
3381	Q15329
3384	Q9Y223
3388	Q8NCE2
3391	Q96NM4
3395	Q0IIM8
3396	Q9BQE9
3398	Q5VTQ0
3403	Q7Z3G6
3405	P07992
3409	Q86SJ2
3412	Q53GG5
3414	Q8TED0
3417	Q9UKB5
3419	O14782
3420	Q13686
3421	Q7Z5R6
3422	Q5T0D9
3423	Q96J94
3424	P10244
3426	Q8N7H5
3428	P78424
3429	Q96SD1
3438	Q9HAJ7
3441	Q9Y247
3442	O14513
3443	Q16586
3445	Q96CJ1
3446	Q6P996
3451	Q9NRP4
3452	Q9H3D4
3462	Q9UNN5
3463	Q5GH73
3464	O14874
3467	Q96DN5
3468	Q9UNH6
3469	Q9NYF8
3473	Q9ULX3
3474	O75909
3475	Q9UQK1
3476	Q3KP66
3478	Q9H6V9
3482	O43491
3487	Q9UDR5
3488	Q6UXZ0
3490	Q9UKT4
3492	Q8IVV7
3493	Q9GZR2
3495	Q92828
3497	Q8IW70
3498	P05549
3500	Q5T6L9
3504	Q9UDX3
3506	Q9BYG4
3507	Q9BXF6
3508	Q16890
3515	Q8WYR1
3520	Q96KN7
3521	A6NKD9
3522	O76090
3524	Q5GH72
3525	P36383
3528	Q9BTV7
3529	Q9P0K7
3535	Q7Z5W3
3536	Q96NG3
3537	Q96GM8
3538	Q96C24
3541	P17544
3546	A6NNE9
3547	Q8NG48
3548	Q8IWX8
3549	O15231
3556	Q9UJX2
3557	Q93063
3560	P36915
3561	Q9H814
3562	Q92777
3564	Q9NX63
3565	Q86TE4
3567	Q8TDD1
3569	P62324
3570	Q9Y250
3572	Q9Y6A5
3573	P08048
3577	Q5SWX8
3580	Q9NVP2
3581	Q9P270
3582	Q9NVR5
3584	Q96PV7
3585	Q86U10
3586	P48165
3587	Q15036
3589	Q9NY30
3591	O60487
3593	Q8N137
3596	Q8N6R0
3599	Q2TAK8
3601	Q9NXG0
3602	Q96I34
3603	Q96PC5
3613	Q9Y3L3
3614	Q14CB8
3617	O94991
3618	Q9UJQ1
3620	Q9Y6K8
3622	Q7Z3J2
3623	Q86XJ0
3624	Q96KP1
3625	P32519
3627	Q7Z4H7
3628	Q8WXE9
3630	Q9BSH4
3631	Q8IUY3
3632	Q96IV0
3636	Q9NZ43
3637	Q96T88
3641	Q8IU89
3644	Q9C0B5
3645	O75427
3646	O15488
3649	Q9HBU9
3651	P52815
3652	Q8IXQ4
3654	Q9ULW0
3655	Q1HG43
3660	O75170
3665	Q8N5C6
3666	A6ND36
3667	Q6XR72
3668	Q96NZ1
3669	Q06546
3671	Q3SXM5
3673	Q5T1A1
3674	P05455
3676	Q86WV1
3677	P52951
3678	Q9BXK5
3682	Q96ID5
3683	Q8TDY4
3685	Q01094
3686	Q96DX4
3688	Q96CW5
3690	P43351
3693	P52824
3694	Q8IUI8
3695	Q6ZUS6
3697	Q9Y2J0
3701	Q3B820
3703	Q68CJ9
3707	Q8IYX8
3710	Q6K0P9
3715	P52790
3716	Q9UKY4
3717	Q9BT49
3719	O95677
3722	Q9UL01
3724	P23409
3725	Q8TEY7
3728	Q9UNA1
3730	Q3ZCQ8
3731	Q7L0Y3
3732	Q8TCT6
3733	Q8N9W5
3737	Q9NP61
3739	Q2QGD7
3741	Q9BQ75
3743	A7MCY6
3744	O94851
3746	Q86VN1
3748	Q9Y228
3751	Q49MG5
3752	O75529
3754	O43566
3755	Q7LFX5
3758	P26045
3761	Q567U6
3762	Q5T5J6
3764	Q9BY77
3766	Q12967
3771	Q9Y4F4
3772	Q9Y6M5
3773	Q86SE5
3778	Q8TB52
3779	Q9P242
3781	O60291
3785	Q6MZP7
3791	Q68CP4
3792	A8MW95
3793	O15091
3799	Q92665
3800	Q9H0J9
3801	Q9BTF0
3802	A6QL63
3804	Q9BUL5
3807	Q9UJA5
3809	Q7Z6G3
3811	Q9BXI6
3813	Q6ZN28
3814	Q6UWF7
3816	Q6ZVT6
3817	Q6ZN55
3819	Q569K6
3821	P17010
3825	Q7Z2K6
3826	Q9NXH9
3829	Q8N6T3
3834	Q8IWR0
3835	Q96T49
3837	Q9Y5A7
3840	Q8N9I9
3844	O60504
3846	Q9P2R7
3847	Q9HCS5
3848	Q9NZQ3
3850	A6NEE1
3851	Q15011
3853	Q9BYM8
3855	O75800
3857	O60806
3858	P98171
3860	Q4L180
3863	O15318
3865	Q9Y5T5
3868	Q9H720
3869	Q86V85
3870	Q96NB1
3872	Q6UWZ7
3873	P50443
3874	Q2Q1W2
3875	Q9BYV8
3879	Q07960
3880	Q9H160
3881	Q9H4D5
3882	Q9NZH0
3885	Q8NC60
3886	Q15050
3887	Q49A88
3889	O95999
3890	Q2TB10
3891	P49418
3893	Q9BU23
3895	Q9UPG8
3896	Q8IXW5
3897	O43556
3900	Q8N1M1
3906	P51571
3907	Q9UH90
3908	Q8N3J3
3911	Q9Y3A0
3912	Q9BV44
3915	Q5H9M0
3918	Q969S3
3919	Q9UFC0
3920	P81274
3924	Q96KR7
3930	P24534
3933	P23368
3935	Q99767
3940	Q9BZ23
3944	Q9H3R1
3945	Q8IZ41
3946	Q96HE9
3948	Q86WA8
3950	O60239
3953	Q13099
3955	Q96SU4
3963	Q6UXZ4
3965	Q6PI78
3966	A6NCM1
3967	P40879
3968	P24386
3970	Q8NBN3
3973	P08910
3975	Q6ZUT3
3977	Q8IUK5
3978	Q9Y2R4
3979	Q14CZ0
3980	Q9UIH9
3981	Q9H3T2
3984	Q9NQV8
3987	Q15813
3990	Q9BRK0
3992	Q8TF01
3995	P40222
3997	Q9BUV8
4000	Q96NB3
4001	Q8IV48
4002	Q9UJX6
4003	O43829
4007	Q6IN85
4010	Q9NTZ6
4013	Q8TBB6
4014	Q96EV8
4016	Q96HA1
4018	P48556
4019	Q16342
4024	O43597
4026	Q13495
4029	Q9HCJ3
4031	Q9UGI0
4032	Q9UHB9
4035	Q9NUD9
4040	Q8TF65
4041	O00308
4045	Q9UKJ5
4046	Q6ZS86
4047	Q9H8U3
4048	Q9BTC8
4050	Q9NY28
4051	Q9UID3
4052	Q9NPF5
4055	Q9BXM9
4057	Q92834
4059	Q13387
4060	Q8NEZ5
4062	Q9C0D0
4064	Q15942
4065	Q9NUY8
4067	Q53HC0
4069	Q9UNZ2
4072	Q9H190
4075	A2RUB6
4077	Q8N4X5
4079	P05423
4080	Q96CV9
4084	Q9NWW5
4085	Q3KP44
4087	Q15583
4097	Q9P2V4
4098	Q6ZMG9
4100	Q4VC05
4102	A6NCL1
4103	A4D0V7
4104	Q9UKS7
4106	Q99259
4110	Q96JK2
4114	Q92521
4115	O60784
4119	Q9Y597
4120	Q96T76
4122	Q9UPV9
4125	Q9BT09
4126	Q9BZF2
4127	Q86U70
4129	Q9UKV5
4130	Q13371
4131	O15457
4132	P57082
4134	O60508
4135	Q8N142
4137	Q8IYB8
4138	Q17RS7
4140	Q8WTT2
4141	Q15884
4143	Q5HY92
4144	Q8IZW8
4145	Q9UK53
4148	Q86YD5
4150	Q9Y3E5
4151	O60447
4153	Q14807
4155	B4DS77
4157	Q8NEX9
4158	Q9H930
4160	O14756
4163	Q9NTN9
4165	Q5T7W0
4168	Q7Z6J6
4169	Q96MM7
4171	Q8IZF3
4173	P16118
4175	Q5D1E8
4176	Q86X02
4177	Q8N0Z2
4178	O15198
4180	O94941
4182	O15504
4183	O15213
4184	Q9H0E7
4187	Q96CU9
4188	Q9UK99
4190	Q9NV58
4192	Q9BUH8
4193	Q96JC9
4194	Q8NBF2
4195	Q9BYJ9
4196	Q9NZN9
4201	Q5TAB7
4202	Q9NRF2
4207	Q6DN14
4211	Q7L622
4212	Q99836
4217	Q7Z5Q5
4218	Q9UHG0
4219	Q96BA8
4220	P12694
4221	Q9Y2Q9
4222	Q9P2X3
4223	Q7Z3K6
4226	Q9BV38
4227	Q9H4E7
4228	A1Z1Q3
4230	Q6NUM9
4231	Q9NY43
4232	Q96BJ8
4233	Q4G163
4234	Q7Z7C8
4237	Q8N9Z9
4242	Q9Y2F9
4245	Q9NZB8
4249	Q96NL1
4250	Q9BZE3
4251	P43007
4253	Q9NZW5
4255	Q96JX3
4256	Q92782
4257	Q13227
4258	Q6NW40
4259	Q86U44
4260	Q8NCL4
4261	Q8TC41
4263	Q14186
4264	Q68EM7
4266	Q92890
4268	O60942
4270	Q96B86
4274	Q9NS23
4279	Q52LD8
4280	Q15506
4281	Q8NHY2
4283	Q9H147
4284	Q969V5
4285	Q86Y33
4289	Q99819
4290	Q9BQT9
4291	Q9UKP3
4292	Q9BXB4
4293	O43679
4295	Q15555
4299	Q5BJH7
4305	Q96Q27
4307	Q9NQZ6
4310	Q15818
4311	O75607
4312	O43300
4313	Q14201
4315	O14544
4317	Q15637
4323	Q8TCG1
4325	Q9BTX1
4326	Q9H3F6
4327	Q9ULS5
4328	Q8WUQ7
4330	Q5T9A4
4331	Q68DV7
4334	Q9Y617
4336	Q9H993
4337	Q7Z4H8
4339	Q9Y2S7
4340	Q9NZI7
4343	Q8NBM8
4344	Q9H6H4
4346	Q8N8K9
4349	Q8WXU2
4352	Q5T2D3
4353	Q8NFY4
4356	Q96Q91
4360	Q6P1K2
4363	Q14493
4365	O14545
4367	O00559
4371	A6NCL7
4372	O95954
4375	Q9NX40
4382	Q86WH2
4383	Q6ZVM7
4387	Q8IW52
4390	Q96ED9
4392	Q9HCG8
4393	Q5QJE6
4394	Q9BRK3
4398	Q02086
4399	Q86YM7
4402	Q7L5A8
4403	A5D8W1
4405	Q9P0W8
4408	Q6UW63
4409	Q9HBG4
4412	Q9NZU0
4414	Q86Z20
4416	Q9H1A3
4418	O95361
4421	Q32P41
4422	Q96MT8
4429	Q15276
4431	Q86VP1
4435	Q86VS3
4439	O75928
4441	Q13685
4442	Q6IAN0
4443	Q969M3
4446	Q17RC7
4447	O14753
4448	Q02241
4450	Q06587
4451	Q04864
4453	Q6ZU67
4454	A6NHY2
4455	Q8N3X6
4457	Q9UMS6
4458	O43837
4460	Q96I15
4461	Q8N1W2
4462	P54257
4465	Q14494
4467	O95070
4468	Q8N3J2
4469	Q9P2S6
4472	Q6VUC0
4473	P37287
4475	Q9Y5U4
4476	Q9H8H0
4477	Q15431
4480	Q96E09
4481	Q9Y6N5
4483	Q9BRR9
4487	Q6YN16
4489	Q96K49
4490	A6NKL6
4491	Q9UK22
4492	Q8IVL5
4494	O75157
4495	Q8N4Q1
4497	Q8WWK9
4501	P21549
4502	P50479
4504	Q9Y5A9
4507	Q9BXY5
4509	Q7Z6J0
4510	P98173
4515	O95801
4516	Q14CS0
4517	Q9Y462
4521	Q5VW38
4523	Q8NB90
4524	Q9UNE2
4528	Q96RD7
4529	P08559
4533	P55209
4535	Q9NQ75
4538	Q9H446
4540	Q8NE35
4542	Q86XP3
4545	Q9UF56
4546	Q7Z4R8
4547	Q99661
4549	O00476
4551	Q8IZ96
4557	Q9NTI7
4558	A8MV65
4560	Q14872
4561	Q8TF50
4562	P15036
4563	Q9UKT8
4564	P98177
4566	Q15291
4568	Q5SVQ8
4570	Q684P5
4573	O95297
4576	Q8IYT4
4578	Q9UGH3
4580	Q4AE62
4587	Q9BZF3
4593	Q9UM63
4606	Q9P2E8
4607	Q9NUL3
4614	O75367
4618	Q8TF40
4619	Q9HC35
4621	Q14244
4629	Q53G44
4630	Q6NUK4
4631	Q96D71
4635	P0C7P3
4637	Q9NQX5
4638	Q9HA82
4640	Q8TE04
4642	Q6P3X3
4643	Q6PIJ6
4644	Q96RN5
4647	Q5FWF5
4648	Q9Y2B1
4649	A8MVW5
4652	Q96ST8
4653	Q14032
4656	Q8NCQ5
4657	P49711
4660	Q9H156
4662	P85037
4663	Q5VWJ9
4664	Q9Y248
4665	Q9NPL8
4666	O15127
4667	P20936
4669	P53677
4671	Q96MC2
4672	Q8N5D0
4675	Q52LJ0
4676	O14745
4677	Q9UHR4
4678	Q92997
4679	O43299
4680	Q495C1
4683	Q147X3
4684	Q8WUA2
4685	O00193
4686	Q70IA6
4687	P49366
4690	Q9BYV9
4693	O60645
4694	Q6UX04
4695	Q86Y91
4697	Q14865
4698	Q00973
4701	P38935
4702	P28347
4703	Q9NR46
4706	Q96DL1
4707	Q12972
4710	Q13569
4711	Q96LJ7
4713	Q96L08
4715	Q9Y6D9
4719	Q6I9Y2
4720	Q0D2I5
4723	O95427
4725	Q92535
4727	Q15797
4730	Q68DH5
4731	O15144
4733	Q9H3H1
4736	O60299
4739	O14668
4744	P26374
4745	Q12800
4747	Q86W92
4749	Q96J42
4750	P06340
4751	Q8TDX6
4754	Q8NCN5
4756	Q9Y2X3
4757	A8K979
4759	Q96BD5
4762	Q8N6Q8
4763	Q99607
4765	Q5FBB7
4776	Q13522
4777	Q96EK4
4778	Q7Z5M8
4780	Q8TEC5
4782	Q460N3
4784	O95876
4787	Q8IZF7
4789	O75554
4790	Q96L92
4792	Q96S52
4793	Q9UBI4
4798	Q9NRD1
4799	Q9UD71
4803	Q9Y2M0
4806	O00463
4809	Q96NT1
4810	Q86YN6
4812	Q9BXS9
4816	Q8N554
4818	P78345
4822	Q9Y2B5
4823	A0PK05
4825	Q9H9Y2
4826	Q86WB0
4829	Q9Y2G2
4836	Q9BTV5
4837	Q9Y450
4840	Q3KR37
4843	Q5T6X4
4844	B1AL88
4845	Q14188
4852	O75319
4853	Q9NUR3
4854	Q14739
4856	Q5SXH7
4860	Q96ER9
4864	O95376
4866	Q9Y6A1
4872	A8MXD5
4873	Q96AJ1
4875	Q8N9N8
4880	Q9BZE9
4883	Q9UNN4
4885	Q7Z6J8
4886	P41002
4887	Q96S55
4889	P23508
4890	Q8WWY3
4891	Q15459
4892	Q00013
4895	Q8N609
4896	Q9H6F5
4897	P57737
4900	O00233
4902	Q9P203
4904	Q96JB8
4905	Q8N612
4907	Q9UPQ0
4911	Q9HCC8
4915	O60294
4916	Q15020
4917	P15170
4920	Q16143
4923	Q8WUM4
4925	Q9NUM4
4927	Q9H6T0
4929	O00469
4931	Q9BYI3
4933	Q9NZL6
4935	Q8IZU3
4938	O00522
4943	Q9NV64
4944	Q01518
4950	Q5BKX6
4952	Q5VX71
4956	Q9BU19
4959	Q15388
4960	Q13239
4965	Q9NW15
4970	Q8N3G9
4973	Q8IYT3
4974	Q9UGC7
4977	Q9H9A7
4979	Q9NQ60
4981	Q13426
4985	Q14749
4986	O95208
4989	Q7L099
4993	Q96T17
4997	Q969R5
4998	Q96RK4
5000	P14859
5004	Q7Z5U6
5005	Q96C00
5006	Q0ZGT2
5008	Q08AE8
5011	Q01658
5012	P52954
5013	Q9H0C3
5014	Q9BWT3
5015	Q6P1L5
5016	Q14258
5017	P10242
5025	Q7Z3Z3
5026	Q9H1B7
5027	Q5TEJ8
5031	Q6PJF5
5033	Q53QZ3
5034	Q99856
5035	Q9BW04
5037	Q9UN86
5047	Q9NR30
5049	Q6P1Q0
5052	P41214
5054	Q9BTE3
5056	Q8N3Z6
5058	Q6IPM2
5061	Q9NPB6
5063	Q08945
5064	P98175
5068	Q96N76
5070	Q9NUB1
5073	Q6ZTQ3
5077	P13010
5078	Q96M95
5080	O15117
5083	P19532
5084	O14647
5085	Q9BZD6
5086	Q9BVS5
5087	Q676U5
5091	Q9H3S1
5095	Q9C0I3
5097	Q8N309
5098	A6NNA5
5099	Q96EK5
5100	Q12907
5101	Q8IXQ6
5105	P35712
5109	Q8N6D2
5113	Q96JG6
5116	Q9H0N5
5117	Q86YR7
5119	O60832
5121	Q96A25
5124	Q96LB3
5128	Q9UHQ4
5130	Q9UBU6
5131	Q5JRA6
5132	Q5H9I0
5133	Q9UI32
5134	Q14134
5135	O14737
5137	Q9ULV8
5139	P20810
5146	Q9BVC3
5147	Q9NP85
5149	O76050
5150	Q16611
5151	P58658
5153	P17302
5154	Q9BQG1
5157	P50749
5159	Q70SY1
5161	Q14CZ8
5162	Q9BSC4
5165	P51114
5168	Q5BKX8
5169	Q9H169
5173	Q1X8D7
5175	O95260
5177	Q14CX7
5178	Q8NA29
5180	Q9BRN9
5182	P48382
5184	O94952
5186	Q9UK59
5187	Q5KU26
5188	Q6ZMT1
5189	Q9H987
5191	P42357
5194	Q00577
5195	Q8TEW6
5197	Q8IZD0
5199	Q96AQ6
5201	Q99941
5203	Q13541
5204	Q9NZB2
5205	Q9NSK0
5211	Q12962
5212	Q99439
5214	Q9UK80
5217	Q5U3C3
5220	O76031
5221	Q5T2W1
5224	Q8IXS8
5225	Q9NWA0
5226	O95159
5227	P49753
5228	Q8IXY8
5231	P98174
5232	Q8IXH7
5233	Q7Z614
5236	Q5EBL4
5237	Q69YI7
5238	Q6ZVN8
5242	Q96I99
5244	Q6YHU6
5246	Q92974
5249	Q8TAG5
5251	Q9NVH2
5255	Q70CQ1
5257	Q9NXR5
5259	O15371
5260	P41970
5261	Q13829
5262	Q16254
5263	Q4L235
5266	Q96ST2
5267	Q71SY5
5268	Q9NWV8
5271	P49585
5273	Q9H6E5
5274	Q8N8W4
5277	Q86UE4
5278	P12524
5281	O95391
5282	Q6NSJ0
5283	P54277
5287	Q96MG8
5288	Q9P2E9
5290	Q8WVB6
5291	Q9H1U4
5292	O96015
5293	P38432
5294	Q9NXF1
5296	Q96BH1
5297	P49640
5298	Q9Y2T3
5301	P19419
5304	P56945
5312	Q86VZ4
5313	Q5U5Q3
5314	Q5VTL8
5316	Q9P013
5317	Q9Y6E2
5319	Q8IVU1
5320	Q15080
5322	Q969M2
5323	Q8IWC1
5326	Q9NX94
5328	Q9UL17
5329	Q96F24
5331	Q08AF3
5332	Q6ZMN7
5333	Q9Y3A3
5337	Q9UBK8
5339	Q9ULC8
5341	Q8TAT5
5342	Q9BTZ2
5348	Q9HCL2
5349	Q8N7W2
5351	Q9Y5K6
5352	Q687X5
5354	Q6P597
5355	Q99966
5359	Q16666
5363	Q9BY79
5364	O95803
5365	Q6SZW1
5366	Q9P0W2
5367	A2A288
5368	Q9BVP2
5370	Q9UKY1
5372	P20592
5374	Q9BXU7
5375	Q99717
5378	Q15051
5380	Q96PC2
5382	Q5RL73
5384	O15209
5386	P23588
5388	Q5JST6
5389	Q7Z4N8
5391	Q9C0J9
5392	Q8NEA5
5393	Q96CM8
5396	A6NP61
5397	O75452
5398	Q96T51
5401	A0A087WTH5
5403	P13349
5404	Q9BVG8
5410	Q9P1T7
5411	A1X283
5412	Q9HBL6
5414	O60779
5416	O94993
5418	P83436
5419	Q8TD30
5421	Q9NP71
5425	Q9BRX2
5426	Q9GZN2
5429	Q96N67
5430	O00264
5432	Q9H4L4
5433	Q86XI6
5435	Q96EC8
5437	Q96PB8
5441	P48200
5443	Q92537
5444	Q14451
5449	Q9NZD8
5452	Q9Y546
5454	O15165
5461	Q5JVL4
5463	Q8IYR2
5464	Q04671
5466	Q06323
5469	Q1EHB4
5471	Q9Y366
5473	Q8N427
5474	Q9BQ15
5475	Q7Z4V0
5480	Q13952
5489	A1L0T0
5490	Q6TGC4
5491	O00116
5492	P30793
5496	Q13572
5499	O75355
5502	Q9UKI9
5504	O94900
5505	Q12824
5507	Q86YS3
5509	Q8N8B7
5511	O95232
5513	Q8ND04
5514	Q99613
5519	Q5T601
5521	Q99501
5522	Q6YP21
5524	P61218
5525	Q69YN2
5526	Q5T9G4
5529	Q8WU67
5530	Q14247
5533	O76054
5536	Q96K78
5537	Q9NVA4
5538	P01903
5539	Q15528
5541	Q8NFJ9
5542	Q53GQ0
5543	Q9BZE0
5545	Q96S82
5548	Q8N5F7
5549	P0DPB6
5550	Q9UGT4
5551	Q3C1V8
5552	Q9UJA3
5557	Q8NFW5
5559	P52948
5561	Q8WV28
5564	Q2Y0W8
5566	Q6ZUK4
5568	Q9HCU5
5569	Q99536
5570	Q8N3J6
5573	Q5JTZ9
5574	Q9BT22
5576	O75069
5580	Q9UBH6
5582	Q96HC4
5589	Q6QNK2
5591	Q99627
5593	Q5BVD1
5595	O75326
5597	Q96PX6
5598	Q9UHB6
5602	Q9Y2C2
5603	Q8IV45
5604	Q7Z5H3
5608	O43609
5612	Q86UB2
5614	Q96Q42
5615	Q9HBW9
5616	Q96ER3
5617	Q9NUQ7
5618	Q9BXY0
5619	P48739
5622	Q8TDD2
5625	Q96RL1
5629	Q8N5J2
5632	P20036
5633	Q04323
5635	Q16533
5636	Q58DX5
5637	Q6NT76
5642	Q8N9S9
5644	O75159
5646	Q8NDZ6
5647	Q9C0I1
5650	Q9HCJ6
5651	Q9NQG7
5654	Q9BV79
5656	P25208
5658	Q15417
5661	Q16829
5662	Q9P0Z9
5663	P0CAP1
5665	Q96M83
5667	Q9UK39
5668	Q9H6S1
5671	A0AUZ9
5673	Q96S94
5675	Q14435
5676	Q9UBM8
5680	O43660
5682	O95243
5687	Q8N584
5690	O75995
5691	O95171
5694	Q8N103
5697	Q7Z412
5700	Q14DG7
5701	Q9Y320
5703	P35680
5705	O75943
5714	Q9Y2T2
5716	Q9Y6N1
5719	Q8N567
5722	Q05D32
5724	Q9BSR8
5725	O95278
5730	Q9P2I0
5731	P32926
5732	Q9BZW4
5733	Q9UKI2
5735	Q8TDI8
5736	P52849
5737	Q9UKL4
5738	O95238
5740	Q8IY57
5744	Q14202
5745	Q13206
5746	Q5JR12
5747	O75052
5750	Q96BQ1
5751	O43304
5752	Q13107
5755	Q6DKK2
5756	Q9HCN4
5760	A6NFD8
5762	Q03933
5764	Q71RS6
5765	A5D8V7
5766	Q9BR39
5768	Q02930
5773	Q8WU17
5774	Q674R7
5775	O95671
5778	A0AV96
5781	Q3B726
5782	Q96JJ7
5784	Q9UBV2
5786	Q9H501
5788	Q9NR50
5791	Q13158
5792	Q9NRF9
5793	Q8TEU7
5794	Q96C36
5795	Q6PI47
5797	Q9P031
5798	Q5T0T0
5801	Q96I25
5803	P46199
5806	Q15035
5807	Q8N5D6
5810	Q6PK04
5811	P35227
5814	Q6NXT4
5818	P07910
5825	P18848
5828	P30085
5829	Q9H4I0
5830	Q7RTS6
5831	Q9Y606
5833	Q96JJ3
5836	Q9Y6X2
5837	Q86XS8
5839	Q8N5T2
5841	Q8N9B8
5843	O75528
5846	O00330
5848	Q32MZ4
5852	P14316
5853	P41218
5854	Q6PI98
5856	Q9UGP5
5860	P46060
5863	O15503
5865	Q3YEC7
5868	Q9H9P8
5870	Q92990
5871	Q9HBF4
5875	Q96MC5
5877	Q13886
5878	Q969X6
5879	Q5T1V6
5881	Q9NVV4
5882	Q9BQP7
5883	Q9UP83
5886	Q6RFH5
5890	Q9Y2D9
5892	Q2TAA8
5893	O75940
5894	Q16773
5896	O43583
5897	Q9H0H5
5902	Q9C0B0
5903	P78332
5905	Q658P3
5908	P47736
5911	Q15527
5912	Q9H9D4
5913	Q6UUV7
5915	Q7L9B9
5916	Q8TCF1
5919	Q9NYL9
5920	O75298
5923	Q9NY59
5925	Q6ZN84
5927	Q8NHS9
5933	Q8N4P6
5934	Q8N114
5940	Q96A26
5941	Q9NRC8
5942	Q9BSK4
5943	P56962
5945	P43897
5949	Q9Y6H8
5950	Q86XR5
5952	Q9BTX7
5954	Q8IW93
5955	Q86UX7
5957	O43615
5958	Q96PX8
5960	A0PJY2
5962	Q3MJ16
5963	Q9BWG6
5966	P82675
5967	Q13409
5975	Q6NXG1
5979	Q9UBI1
5980	Q9H4M7
5982	Q14442
5983	Q8IXK2
5984	Q96KA5
5985	Q6ZMI0
5988	Q9UH65
5989	Q15464
5990	Q8WV99
5993	Q53H96
5995	P60323
5996	Q9Y421
5997	Q96HD1
6000	Q86X45
6001	O00189
6002	Q8N2K1
6005	Q8IXW0
6006	Q86UD5
6008	P07197
6010	P86791
6011	P86790
6012	Q8WVR3
6013	O15519
6021	P15336
6026	A4IF30
6028	Q6P2P2
6029	Q99743
6030	Q9BQ39
6031	Q6UY09
6035	Q96GQ5
6036	Q8IZF5
6038	O00401
6039	Q86YD3
6046	A2CJ06
6047	Q9Y2Y0
6048	B1AKI9
6049	Q9NV56
6050	O95402
6051	Q6NV75
6052	Q9BSE4
